{
  "lang":"en",
  "name":"pipeline",
  "version":"0.0.0",
  "spacy_version":">=3.7.6,<3.8.0",
  "description":"",
  "author":"",
  "email":"",
  "url":"",
  "license":"",
  "spacy_git_version":"319e025",
  "vectors":{
    "width":0,
    "vectors":0,
    "keys":0,
    "name":null,
    "mode":"default"
  },
  "labels":{
    "tok2vec":[

    ],
    "ner":[
      "B-DES",
      "B-EMAIL",
      "B-NAME",
      "B-ORG",
      "B-PHOE",
      "B-PHONE",
      "B-WEB",
      "DES",
      "EMAIL",
      "I-DE",
      "I-DES",
      "I-EMAIL",
      "I-NAME",
      "I-OR",
      "I-ORG",
      "I-PHONE",
      "I-WEB",
      "NAME",
      "ORG",
      "PHONE",
      "WEB"
    ]
  },
  "pipeline":[
    "tok2vec",
    "ner"
  ],
  "components":[
    "tok2vec",
    "ner"
  ],
  "disabled":[

  ],
  "performance":{
    "ents_f":0.5973451327,
    "ents_p":0.6553398058,
    "ents_r":0.5487804878,
    "ents_per_type":{
      "B-DES":{
        "p":0.7619047619,
        "r":0.6956521739,
        "f":0.7272727273
      },
      "I-DES":{
        "p":0.6956521739,
        "r":0.7272727273,
        "f":0.7111111111
      },
      "B-ORG":{
        "p":0.5555555556,
        "r":0.4761904762,
        "f":0.5128205128
      },
      "I-ORG":{
        "p":0.3823529412,
        "r":0.3611111111,
        "f":0.3714285714
      },
      "I-NAME":{
        "p":0.8620689655,
        "r":0.6578947368,
        "f":0.7462686567
      },
      "I-EMAIL":{
        "p":0.3333333333,
        "r":0.2857142857,
        "f":0.3076923077
      },
      "B-EMAIL":{
        "p":0.8461538462,
        "r":0.6111111111,
        "f":0.7096774194
      },
      "B-NAME":{
        "p":0.9166666667,
        "r":0.5,
        "f":0.6470588235
      },
      "B-PHONE":{
        "p":0.6764705882,
        "r":0.7666666667,
        "f":0.71875
      },
      "I-PHONE":{
        "p":0.5555555556,
        "r":0.3846153846,
        "f":0.4545454545
      },
      "B-WEB":{
        "p":0.5,
        "r":0.3333333333,
        "f":0.4
      },
      "ORG":{
        "p":0.0,
        "r":0.0,
        "f":0.0
      },
      "WEB":{
        "p":0.0,
        "r":0.0,
        "f":0.0
      },
      "I-WEB":{
        "p":0.0,
        "r":0.0,
        "f":0.0
      }
    },
    "tok2vec_loss":328.0990201858,
    "ner_loss":294.0374924844
  }
}